{"d30001t.txt": {"rouge-1": {"r": 0.2948717948717949, "p": 0.2911392405063291, "f": 0.2929936255734513}, "rouge-2": {"r": 0.057692307692307696, "p": 0.06, "f": 0.058823524413687475}, "rouge-l": {"r": 0.28205128205128205, "p": 0.27848101265822783, "f": 0.28025477207026656}}, "d30002t.txt": {"rouge-1": {"r": 0.22340425531914893, "p": 0.23333333333333334, "f": 0.22826086456758046}, "rouge-2": {"r": 0.046296296296296294, "p": 0.045454545454545456, "f": 0.04587155463344891}, "rouge-l": {"r": 0.20212765957446807, "p": 0.2111111111111111, "f": 0.20652173413279787}}, "d30003t.txt": {"rouge-1": {"r": 0.23076923076923078, "p": 0.2647058823529412, "f": 0.2465753374892101}, "rouge-2": {"r": 0.04854368932038835, "p": 0.056818181818181816, "f": 0.052356015973246815}, "rouge-l": {"r": 0.21794871794871795, "p": 0.25, "f": 0.2328767073522238}}, "d30005t.txt": {"rouge-1": {"r": 0.21333333333333335, "p": 0.20512820512820512, "f": 0.2091503217993081}, "rouge-2": {"r": 0.029411764705882353, "p": 0.03, "f": 0.02970296529752069}, "rouge-l": {"r": 0.2, "p": 0.19230769230769232, "f": 0.19607842637447148}}, "d30006t.txt": {"rouge-1": {"r": 0.21686746987951808, "p": 0.3, "f": 0.251748246877598}, "rouge-2": {"r": 0.06542056074766354, "p": 0.0958904109589041, "f": 0.07777777295617314}, "rouge-l": {"r": 0.21686746987951808, "p": 0.3, "f": 0.251748246877598}}, "d30007t.txt": {"rouge-1": {"r": 0.22077922077922077, "p": 0.23943661971830985, "f": 0.22972972473794753}, "rouge-2": {"r": 0.030303030303030304, "p": 0.03260869565217391, "f": 0.03141360757216164}, "rouge-l": {"r": 0.19480519480519481, "p": 0.2112676056338028, "f": 0.2027026977109205}}, "d30008t.txt": {"rouge-1": {"r": 0.2, "p": 0.21333333333333335, "f": 0.20645160790842887}, "rouge-2": {"r": 0.02912621359223301, "p": 0.031914893617021274, "f": 0.03045684780231471}, "rouge-l": {"r": 0.175, "p": 0.18666666666666668, "f": 0.1806451562955256}}, "d30010t.txt": {"rouge-1": {"r": 0.4, "p": 0.3218390804597701, "f": 0.3566878931477951}, "rouge-2": {"r": 0.08602150537634409, "p": 0.07079646017699115, "f": 0.07766989795975147}, "rouge-l": {"r": 0.3142857142857143, "p": 0.25287356321839083, "f": 0.2802547721286868}}, "d30011t.txt": {"rouge-1": {"r": 0.21686746987951808, "p": 0.21951219512195122, "f": 0.21818181318200197}, "rouge-2": {"r": 0.030612244897959183, "p": 0.030927835051546393, "f": 0.030769225769363074}, "rouge-l": {"r": 0.20481927710843373, "p": 0.2073170731707317, "f": 0.20606060106078986}}, "d30015t.txt": {"rouge-1": {"r": 0.21176470588235294, "p": 0.32727272727272727, "f": 0.25714285237244905}, "rouge-2": {"r": 0.019417475728155338, "p": 0.03278688524590164, "f": 0.02439023923036972}, "rouge-l": {"r": 0.18823529411764706, "p": 0.2909090909090909, "f": 0.2285714238010205}}, "d30017t.txt": {"rouge-1": {"r": 0.23255813953488372, "p": 0.25316455696202533, "f": 0.24242423743324165}, "rouge-2": {"r": 0.06481481481481481, "p": 0.07291666666666667, "f": 0.06862744599769356}, "rouge-l": {"r": 0.22093023255813954, "p": 0.24050632911392406, "f": 0.2303030253120295}}, "d30020t.txt": {"rouge-1": {"r": 0.2823529411764706, "p": 0.2608695652173913, "f": 0.27118643568578643}, "rouge-2": {"r": 0.04807692307692308, "p": 0.04201680672268908, "f": 0.04484304434997743}, "rouge-l": {"r": 0.27058823529411763, "p": 0.25, "f": 0.25988700065753784}}, "d30022t.txt": {"rouge-1": {"r": 0.23076923076923078, "p": 0.20454545454545456, "f": 0.2168674648976631}, "rouge-2": {"r": 0.020202020202020204, "p": 0.01694915254237288, "f": 0.01843317476183531}, "rouge-l": {"r": 0.21794871794871795, "p": 0.19318181818181818, "f": 0.20481927212657872}}, "d30024t.txt": {"rouge-1": {"r": 0.28378378378378377, "p": 0.25301204819277107, "f": 0.2675159185833097}, "rouge-2": {"r": 0.042105263157894736, "p": 0.042105263157894736, "f": 0.042105258157895335}, "rouge-l": {"r": 0.22972972972972974, "p": 0.20481927710843373, "f": 0.21656050457057094}}, "d30026t.txt": {"rouge-1": {"r": 0.2839506172839506, "p": 0.34328358208955223, "f": 0.3108108058555515}, "rouge-2": {"r": 0.09473684210526316, "p": 0.10588235294117647, "f": 0.09999999501543234}, "rouge-l": {"r": 0.25925925925925924, "p": 0.31343283582089554, "f": 0.2837837788285245}}, "d30027t.txt": {"rouge-1": {"r": 0.13580246913580246, "p": 0.13924050632911392, "f": 0.13749999500078142}, "rouge-2": {"r": 0.0, "p": 0.0, "f": 0.0}, "rouge-l": {"r": 0.13580246913580246, "p": 0.13924050632911392, "f": 0.13749999500078142}}, "d30028t.txt": {"rouge-1": {"r": 0.24705882352941178, "p": 0.28378378378378377, "f": 0.2641509384201575}, "rouge-2": {"r": 0.020202020202020204, "p": 0.021505376344086023, "f": 0.020833328338217345}, "rouge-l": {"r": 0.2235294117647059, "p": 0.25675675675675674, "f": 0.238993705715755}}, "d30029t.txt": {"rouge-1": {"r": 0.26666666666666666, "p": 0.23255813953488372, "f": 0.24844719999228435}, "rouge-2": {"r": 0.038461538461538464, "p": 0.03636363636363636, "f": 0.037383172574024605}, "rouge-l": {"r": 0.26666666666666666, "p": 0.23255813953488372, "f": 0.24844719999228435}}, "d30031t.txt": {"rouge-1": {"r": 0.26582278481012656, "p": 0.40384615384615385, "f": 0.32061068223530104}, "rouge-2": {"r": 0.07547169811320754, "p": 0.10666666666666667, "f": 0.08839778520191717}, "rouge-l": {"r": 0.20253164556962025, "p": 0.3076923076923077, "f": 0.24427480437270563}}, "d30033t.txt": {"rouge-1": {"r": 0.20481927710843373, "p": 0.2463768115942029, "f": 0.2236842055687328}, "rouge-2": {"r": 0.06930693069306931, "p": 0.07608695652173914, "f": 0.07253885511450006}, "rouge-l": {"r": 0.18072289156626506, "p": 0.21739130434782608, "f": 0.1973684160950486}}, "d30034t.txt": {"rouge-1": {"r": 0.2625, "p": 0.25, "f": 0.2560975559785843}, "rouge-2": {"r": 0.021505376344086023, "p": 0.020202020202020204, "f": 0.020833328338217345}, "rouge-l": {"r": 0.2, "p": 0.19047619047619047, "f": 0.19512194622248677}}, "d30036t.txt": {"rouge-1": {"r": 0.27710843373493976, "p": 0.3108108108108108, "f": 0.2929936255896791}, "rouge-2": {"r": 0.056074766355140186, "p": 0.06, "f": 0.05797100949847181}, "rouge-l": {"r": 0.2289156626506024, "p": 0.25675675675675674, "f": 0.24203821157694033}}, "d30037t.txt": {"rouge-1": {"r": 0.2823529411764706, "p": 0.39344262295081966, "f": 0.32876711842278106}, "rouge-2": {"r": 0.06862745098039216, "p": 0.08974358974358974, "f": 0.077777772866667}, "rouge-l": {"r": 0.25882352941176473, "p": 0.36065573770491804, "f": 0.3013698581488085}}, "d30038t.txt": {"rouge-1": {"r": 0.3466666666666667, "p": 0.25, "f": 0.2905027884273276}, "rouge-2": {"r": 0.0707070707070707, "p": 0.05223880597014925, "f": 0.06008583202269376}, "rouge-l": {"r": 0.32, "p": 0.23076923076923078, "f": 0.26815641971224374}}, "d30040t.txt": {"rouge-1": {"r": 0.24675324675324675, "p": 0.2878787878787879, "f": 0.26573426076385165}, "rouge-2": {"r": 0.03, "p": 0.037037037037037035, "f": 0.03314916632581497}, "rouge-l": {"r": 0.23376623376623376, "p": 0.2727272727272727, "f": 0.25174824677783764}}, "d30042t.txt": {"rouge-1": {"r": 0.32926829268292684, "p": 0.34177215189873417, "f": 0.33540372170981064}, "rouge-2": {"r": 0.06306306306306306, "p": 0.0707070707070707, "f": 0.06666666168299358}, "rouge-l": {"r": 0.3170731707317073, "p": 0.3291139240506329, "f": 0.3229813614613634}}, "d30044t.txt": {"rouge-1": {"r": 0.20689655172413793, "p": 0.3, "f": 0.24489795435235326}, "rouge-2": {"r": 0.02830188679245283, "p": 0.0375, "f": 0.03225805961382894}, "rouge-l": {"r": 0.1839080459770115, "p": 0.26666666666666666, "f": 0.21768706999861182}}, "d30045t.txt": {"rouge-1": {"r": 0.2077922077922078, "p": 0.2711864406779661, "f": 0.23529411273464546}, "rouge-2": {"r": 0.08080808080808081, "p": 0.1038961038961039, "f": 0.0909090859872162}, "rouge-l": {"r": 0.2077922077922078, "p": 0.2711864406779661, "f": 0.23529411273464546}}, "d30046t.txt": {"rouge-1": {"r": 0.4, "p": 0.379746835443038, "f": 0.38961038461376296}, "rouge-2": {"r": 0.1414141414141414, "p": 0.12173913043478261, "f": 0.13084111652327735}, "rouge-l": {"r": 0.38666666666666666, "p": 0.3670886075949367,