{"d30001t.txt": {"rouge-1": {"r": 0.35365853658536583, "p": 0.3258426966292135, "f": 0.3391812815580863}, "rouge-2": {"r": 0.10204081632653061, "p": 0.08771929824561403, "f": 0.09433961766998958}, "rouge-l": {"r": 0.3048780487804878, "p": 0.2808988764044944, "f": 0.29239765582709215}}, "d30002t.txt": {"rouge-1": {"r": 0.25609756097560976, "p": 0.23333333333333334, "f": 0.2441860415224447}, "rouge-2": {"r": 0.04950495049504951, "p": 0.042735042735042736, "f": 0.04587155465996182}, "rouge-l": {"r": 0.21951219512195122, "p": 0.2, "f": 0.20930232059221213}}, "d30003t.txt": {"rouge-1": {"r": 0.30303030303030304, "p": 0.21978021978021978, "f": 0.25477706519047433}, "rouge-2": {"r": 0.0425531914893617, "p": 0.034482758620689655, "f": 0.038095233150114025}, "rouge-l": {"r": 0.2727272727272727, "p": 0.1978021978021978, "f": 0.22929935818410493}}, "d30005t.txt": {"rouge-1": {"r": 0.2857142857142857, "p": 0.22988505747126436, "f": 0.25477706512231735}, "rouge-2": {"r": 0.05434782608695652, "p": 0.04504504504504504, "f": 0.04926107878764397}, "rouge-l": {"r": 0.24285714285714285, "p": 0.19540229885057472, "f": 0.2165605046127633}}, "d30006t.txt": {"rouge-1": {"r": 0.20454545454545456, "p": 0.22784810126582278, "f": 0.21556885728997108}, "rouge-2": {"r": 0.018867924528301886, "p": 0.019801980198019802, "f": 0.019323666500503052}, "rouge-l": {"r": 0.13636363636363635, "p": 0.1518987341772152, "f": 0.14371256986482142}}, "d30007t.txt": {"rouge-1": {"r": 0.3333333333333333, "p": 0.3023255813953488, "f": 0.317073165743605}, "rouge-2": {"r": 0.1553398058252427, "p": 0.1415929203539823, "f": 0.14814814315886504}, "rouge-l": {"r": 0.3076923076923077, "p": 0.27906976744186046, "f": 0.292682921841166}}, "d30008t.txt": {"rouge-1": {"r": 0.32941176470588235, "p": 0.24347826086956523, "f": 0.2799999951125001}, "rouge-2": {"r": 0.037037037037037035, "p": 0.028169014084507043, "f": 0.031999995092480756}, "rouge-l": {"r": 0.25882352941176473, "p": 0.19130434782608696, "f": 0.21999999511250012}}, "d30010t.txt": {"rouge-1": {"r": 0.2839506172839506, "p": 0.3333333333333333, "f": 0.3066666616986667}, "rouge-2": {"r": 0.02912621359223301, "p": 0.03296703296703297, "f": 0.030927830070677814}, "rouge-l": {"r": 0.2222222222222222, "p": 0.2608695652173913, "f": 0.2399999950320001}}, "d30011t.txt": {"rouge-1": {"r": 0.24358974358974358, "p": 0.2111111111111111, "f": 0.2261904712159865}, "rouge-2": {"r": 0.030612244897959183, "p": 0.02727272727272727, "f": 0.028846148862796715}, "rouge-l": {"r": 0.23076923076923078, "p": 0.2, "f": 0.21428570931122462}}, "d30015t.txt": {"rouge-1": {"r": 0.17777777777777778, "p": 0.27586206896551724, "f": 0.21621621144996359}, "rouge-2": {"r": 0.009259259259259259, "p": 0.014705882352941176, "f": 0.011363631621902803}, "rouge-l": {"r": 0.15555555555555556, "p": 0.2413793103448276, "f": 0.18918918442293656}}, "d30017t.txt": {"rouge-1": {"r": 0.10465116279069768, "p": 0.17307692307692307, "f": 0.13043477791220348}, "rouge-2": {"r": 0.0, "p": 0.0, "f": 0.0}, "rouge-l": {"r": 0.09302325581395349, "p": 0.15384615384615385, "f": 0.11594202428901511}}, "d30020t.txt": {"rouge-1": {"r": 0.2823529411764706, "p": 0.3116883116883117, "f": 0.2962962913084896}, "rouge-2": {"r": 0.07692307692307693, "p": 0.07766990291262135, "f": 0.07729468099045518}, "rouge-l": {"r": 0.24705882352941178, "p": 0.2727272727272727, "f": 0.25925925427145263}}, "d30022t.txt": {"rouge-1": {"r": 0.2948717948717949, "p": 0.2875, "f": 0.29113923550713033}, "rouge-2": {"r": 0.13131313131313133, "p": 0.125, "f": 0.12807881273702368}, "rouge-l": {"r": 0.28205128205128205, "p": 0.275, "f": 0.27848100765902906}}, "d30024t.txt": {"rouge-1": {"r": 0.26865671641791045, "p": 0.18947368421052632, "f": 0.2222222173715898}, "rouge-2": {"r": 0.05319148936170213, "p": 0.037037037037037035, "f": 0.043668117431018255}, "rouge-l": {"r": 0.22388059701492538, "p": 0.15789473684210525, "f": 0.18518518033455278}}, "d30026t.txt": {"rouge-1": {"r": 0.2962962962962963, "p": 0.2926829268292683, "f": 0.29447852260755014}, "rouge-2": {"r": 0.031578947368421054, "p": 0.029411764705882353, "f": 0.03045684779819196}, "rouge-l": {"r": 0.24691358024691357, "p": 0.24390243902439024, "f": 0.24539876800632324}}, "d30027t.txt": {"rouge-1": {"r": 0.2345679012345679, "p": 0.3275862068965517, "f": 0.2733812901009265}, "rouge-2": {"r": 0.07526881720430108, "p": 0.1, "f": 0.08588956565169963}, "rouge-l": {"r": 0.20987654320987653, "p": 0.29310344827586204, "f": 0.24460431168366034}}, "d30028t.txt": {"rouge-1": {"r": 0.2, "p": 0.22972972972972974, "f": 0.2138364730113525}, "rouge-2": {"r": 0.020202020202020204, "p": 0.023255813953488372, "f": 0.02162161664631232}, "rouge-l": {"r": 0.17647058823529413, "p": 0.20270270270270271, "f": 0.18867924030695005}}, "d30029t.txt": {"rouge-1": {"r": 0.34146341463414637, "p": 0.32941176470588235, "f": 0.3353293363189789}, "rouge-2": {"r": 0.10377358490566038, "p": 0.0990990990990991, "f": 0.10138248348191747}, "rouge-l": {"r": 0.2804878048780488, "p": 0.27058823529411763, "f": 0.2754490967980208}}, "d30031t.txt": {"rouge-1": {"r": 0.35443037974683544, "p": 0.3835616438356164, "f": 0.3684210476393699}, "rouge-2": {"r": 0.08490566037735849, "p": 0.10714285714285714, "f": 0.09473683717229943}, "rouge-l": {"r": 0.26582278481012656, "p": 0.2876712328767123, "f": 0.27631578448147515}}, "d30033t.txt": {"rouge-1": {"r": 0.2441860465116279, "p": 0.22580645161290322, "f": 0.23463686651602642}, "rouge-2": {"r": 0.04672897196261682, "p": 0.04672897196261682, "f": 0.04672896696261736}, "rouge-l": {"r": 0.2441860465116279, "p": 0.22580645161290322, "f": 0.23463686651602642}}, "d30034t.txt": {"rouge-1": {"r": 0.24675324675324675, "p": 0.25675675675675674, "f": 0.2516556241410465}, "rouge-2": {"r": 0.11214953271028037, "p": 0.12371134020618557, "f": 0.11764705383554422}, "rouge-l": {"r": 0.23376623376623376, "p": 0.24324324324324326, "f": 0.23841059102846376}}, "d30036t.txt": {"rouge-1": {"r": 0.25, "p": 0.2876712328767123, "f": 0.2675159185914236}, "rouge-2": {"r": 0.02857142857142857, "p": 0.030612244897959183, "f": 0.029556645252251563}, "rouge-l": {"r": 0.21428571428571427, "p": 0.2465753424657534, "f": 0.22929935808186955}}, "d30037t.txt": {"rouge-1": {"r": 0.2597402597402597, "p": 0.20202020202020202, "f": 0.22727272235085239}, "rouge-2": {"r": 0.07, "p": 0.0546875, "f": 0.061403503847338045}, "rouge-l": {"r": 0.23376623376623376, "p": 0.18181818181818182, "f": 0.20454544962357965}}, "d30038t.txt": {"rouge-1": {"r": 0.2894736842105263, "p": 0.2972972972972973, "f": 0.29333332833422227}, "rouge-2": {"r": 0.0707070707070707, "p": 0.07526881720430108, "f": 0.07291666167154982}, "rouge-l": {"r": 0.25, "p": 0.25675675675675674, "f": 0.2533333283342223}}, "d30040t.txt": {"rouge-1": {"r": 0.2987012987012987, "p": 0.359375, "f": 0.326241129794276}, "rouge-2": {"r": 0.03, "p": 0.036585365853658534, "f": 0.03296702801594085}, "rouge-l": {"r": 0.23376623376623376, "p": 0.28125, "f": 0.2553191439786732}}, "d30042t.txt": {"rouge-1": {"r": 0.3048780487804878, "p": 0.32051282051282054, "f": 0.31249999500312503}, "rouge-2": {"r": 0.05405405405405406, "p": 0.0594059405940594, "f": 0.05660376859603106}, "rouge-l": {"r": 0.25609756097560976, "p": 0.2692307692307692, "f": 0.2624999950031251}}, "d30044t.txt": {"rouge-1": {"r": 0.2926829268292683, "p": 0.26373626373626374, "f": 0.27745664241237605}, "rouge-2": {"r": 0.0297029702970297, "p": 0.02702702702702703, "f": 0.028301881803578663}, "rouge-l": {"r": 0.23170731707317074, "p": 0.2087912087912088, "f": 0.2196531742042836}}, "d30045t.txt": {"rouge-1": {"r": 0.24050632911392406, "p": 0.20652173913043478, "f": 0.22222221725112012}, "rouge-2": {"r": 0.04672897196261682, "p": 0.04201680672268908, "f": 0.04424778262471668}, "rouge-l": {"r": 0.22784810126582278, "p": 0.1956521739130435, "f": 0.2105263108183716}}, "d30046t.txt": {"rouge-1": {"r": 0.24, "p": 0.17142857142857143, "f": 0.199999995138889}, "rouge-2": {"r": 0.010101010101010102, "p": 0.008064516129032258,